[

    {
        "id": 1,
        "name": "Service 1",
        "description": "Description 1",
        "category": 100
    },
    {
        "id": 2,
        "name": "Service 2",
        "description": "Description 2",
        "category": 200
    },
    {
        "id": 3,
        "name": "Service 3",
        "description": "Description 3",
        "category": 300
    },
    {
        "id": 4,
        "name": "Service 4",
        "description": "Description 4",
        "category": 400
    },
    {
        "id": 5,
        "name": "Service 5",
        "description": "Description 5",
        "category": 500

    }


]